{
  "ui": {
    "colors": {
      "foreground": [0.53125, 0.983072937, 0.458333343],
      "background": [0.115885414, 0.1484375, 0.502604187]
    }
  }
}
